埼玉県さいたま市北区本郷町884,さいたま支店
埼玉県さいたま市桜区町谷1-5-8,浦和支店
埼玉県越谷市新越谷1-27-1,越谷支店
埼玉県さいたま市岩槻区加倉4-24-8,岩槻支店
埼玉県川口市安行領根岸1789,川口支店
埼玉県和光市白子3-17-30,練馬支店
埼玉県和光市白子3-17-30,板橋支店
埼玉県所沢市上新井2-59-33,所沢支店
埼玉県熊谷市肥塚506,熊谷支店(1)
埼玉県熊谷市銀座3-114,熊谷支店(2)
埼玉県朝霞市根岸台1-7-18,朝霞支店
埼玉県川越市宮元町82-1,川越支店
東京都足立区伊興本町1-16-29,足立支店
東京都北区浮間5-6-5,京北支店
東京都葛飾区奥戸6-7-1,葛飾支店
東京都江東区亀戸7-2-1,江東支店
東京都江東区亀戸7-2-1,東京中央支店
東京都江戸川区臨海町6-3-4,葛西支店
東京都品川区東品川1-3-10,港支店
東京都大田区久が原5-2-20,東京南支店
東京都大田区久が原5-2-20,大田支店
東京都練馬区高松3-5-7,東京北支店
東京都練馬区高松3-5-7,杉並支店
東京都練馬区高松3-5-7,新宿支店
東京都世田谷区北烏山3-2-1,世田谷支店
東京都世田谷区北烏山3-2-1,世田谷東支店
東京都世田谷区玉堤2-2-21,目黒支店
東京都小平市花小金井南町 1-18-5,西東京支店
東京都稲城市百村2114-12,多摩支店
東京都東大和市芋窪5-1137-9,東大和支店
東京都八王子市松木29-12,八王子支店
東京都国立市谷保6-17-12,国立支店
東京都墨田区東墨田2-8-7,墨田支店
東京都国立市谷保6-17-12,調布支店
東京都武蔵村山市榎3-54-4,武蔵村山支店
千葉県柏市小青田1丁目6番地10,柏支店
千葉県松戸市松戸新田120-3,松戸支店
千葉県佐倉市表町2-9-3,千葉北支店
千葉県習志野市芝園2-1-18,千葉支店
千葉県千葉市中央区村田町750,千葉南支店
千葉県木更津市請西東5-6-13,木更津支店
千葉県千葉市花見川区さつきが丘1-1,千葉中央支店
千葉県八千代市緑が丘西3-2-17,八千代支店
神奈川県川崎市川崎区大師河原1-3-21,東京支店
神奈川県川崎市川崎区大師河原1-3-21,渋谷支店
神奈川県相模原市中央区共和3-7-12,町田支店
神奈川県川崎市川崎区大師河原1-3-21,川崎支店
神奈川県横浜市都筑区大熊町814,横浜都筑支店
神奈川県横浜市青葉区市ヶ尾町27-1,横浜青葉支店
神奈川県横浜市青葉区市ヶ尾町27-1,横浜支店
神奈川県横浜市港北区新横浜1-10-3,新横浜支店
神奈川県横浜市金沢区能見台東15-1,横浜南支店
神奈川県相模原市中央区共和3-7-12,相模原支店
神奈川県大和市柳橋1-8-7,大和支店
神奈川県厚木市酒井2481-1,厚木支店
神奈川県藤沢市土棚451-1,湘南支店
神奈川県横須賀市大矢部3-13-5,横須賀支店
神奈川県川崎市幸区南加瀬3-8-14,川崎幸支店
神奈川県小田原市前川196-5,小田原支店
神奈川県川崎市宮前区水沢2-10-3,川崎宮前支店