宮城県名取市上余田字千刈田900-4,北日本本部
東京都港区芝浦2-13-11 サカイ第2ビル5Ｆ,東日本本部
愛知県名古屋市名東区若葉台811,中日本本部
大阪府堺市堺区石津北町56,西日本本部
福岡県福岡市博多区板付2-14-20,九州本部
北海道札幌市白石区本通20-南1-34,北海道法人課
宮城県仙台市宮城野区日の出町2-1-43,東北法人課
千葉県八千代市上高野1540-20,千葉法人課
東京都港区芝浦2-13-11 サカイ第2ビル6Ｆ,関東法人部
東京都江戸川区船堀5-6-2,東関東A法人課
埼玉県川口市本町1-18-23,東関東B法人課
埼玉県入間郡三芳町竹間沢東14-12,東関東C法人課
群馬県高崎市菊地町字薬師前436-1,北関東法人課
神奈川県横浜市鶴見区生麦1-14-9,西関東A法人課
東京都三鷹市下連雀9-1-13,西関東B法人課
東京都国立市青柳1-30-18,西関東C法人課
神奈川県海老名市泉1-4-9,神奈川法人課
静岡県沼津市新沢田町9-21,東海法人課
愛知県名古屋市名東区若葉台811,中部法人課
富山県富山市上冨居1-32-6,北陸法人課
京都府京都市伏見区竹田中川原町383,京滋法人課
大阪府八尾市太田4-14-1,大阪法人課
大阪府堺市堺区石津北町56,大阪支社法人課
大阪府堺市堺区石津北町56,関西法人部
兵庫県神戸市兵庫区芦原通1-2-23,兵庫法人課
広島県広島市西区福島町2-36-1,中国法人課
香川県高松市茜町2-18,四国法人課
福岡県北九州市小倉北区神幸町5-20,九州A法人課
福岡県福岡市博多区板付2-14-20,九州B法人課
鹿児島県鹿児島市城南町8-3,九州C法人課
沖縄県那覇市安謝617-190,沖縄法人課
北海道旭川市豊岡6条4丁目11番16号,旭川支社
北海道札幌市西区西野2条9丁目5-23,札幌支社
北海道札幌市西区西野2条9丁目5-23,札幌西支社
北海道札幌市白石区本通20丁目南1-30,札幌北支社
北海道札幌市白石区本通20丁目南1-34,札幌東支社
北海道札幌市白石区本通20丁目南1-34,札幌南支社
北海道函館市万代町20-24,函館支社
北海道帯広市西十九条北1丁目8-2,帯広支社
北海道苫小牧市北栄町5-2-5,苫小牧支社
青森県青森市問屋町1-7-7,青森支社
青森県八戸市尻内町字八百刈50-2,八戸支社
岩手県盛岡市門2-9-1,岩手支社
秋田県秋田市土崎港相染町字中谷地177-2,秋田支社
宮城県仙台市宮城野区日の出町3-8-4,仙台中央支社
宮城県仙台市宮城野区日の出町2-1-43,仙台北支社
宮城県仙台市泉区市名坂御釜田148-6,仙台泉支社
宮城県名取市上余田字千刈田900-4,東北支社
福島県郡山市桑野4-45,郡山支社
福島県福島市飯坂町平野字三角田2-15,福島支社
山形県山形市松原字江向653-2,山形支社
福島県いわき市平上荒川字堀ノ内20-3,いわき支社
千葉県千葉市中央区都町8-5-85,千葉支社
千葉県千葉市中央区矢作町116-1,千葉南支社
千葉県八千代市上高野1540-20,千葉東支社
千葉県千葉市中央区都町8-5-85,千葉中央支社
千葉県船橋市栄町2-4-29,船橋支社
千葉県船橋市栄町2-4-29,市川支社
千葉県柏市豊四季816-13,柏支社
千葉県柏市豊四季816-13,松戸支社
千葉県木更津市清見台東2-2-22,木更津支社
千葉県松戸市西馬橋倉元町125,京葉支社
東京都江戸川区船堀5-6-2,東京東支社
東京都江戸川区松本1-19-13,江戸川支社
東京都江戸川区船堀5-6-2,東京城東支社
東京都葛飾区立石2-26-13,葛飾支社
東京都葛飾区四つ木5-4-16,墨田支社
東京都江戸川区松本1-19-13,新小岩支社
東京都練馬区谷原3-2-15,練馬支社
東京都練馬区谷原3-2-15,東京中央支社
埼玉県川口市本町1-18-23,東京北支社
埼玉県川口市本町1-18-23,板橋支社
東京都足立区扇2-26-39,東京城西支社
埼玉県越谷市谷中町2-7,川口支社
埼玉県越谷市谷中町2-7,越谷支社
埼玉県三郷市谷口527-1,三郷支社
埼玉県三郷市谷口527-1,足立支社
東京都足立区扇2-26-39,西新井支社
埼玉県さいたま市中央区新中里4-13-1,大宮支社
埼玉県さいたま市北区宮原町2-3-7,大宮北支社
埼玉県川越市山田1599-1,川越支社
埼玉県入間郡三芳町竹間沢東14-12,三芳支社
埼玉県入間市新久109-2,入間支社
埼玉県鴻巣市赤見台2-17-8,熊谷支社
茨城県水戸市吉沢町354-35,水戸支社
茨城県土浦市神立中央5-36-5,土浦支社
茨城県つくば市台町1-1-1,つくば支社
栃木県宇都宮市元今泉7-30-11,宇都宮支社
栃木県小山市粟宮1875-4,小山支社
群馬県高崎市菊地町字薬師前436-1,高崎支社
群馬県太田市西矢島町584-1,太田支社
東京都大田区南六郷3-17-5,東京南支社
東京都大田区南六郷3-17-5,品川支社
神奈川県横浜市鶴見区生麦1-14-9,横浜北支社
神奈川県横浜市鶴見区生麦1-14-9,横浜支社
神奈川県川崎市宮前区南平台9-9,川崎支社
神奈川県横浜市港北区新羽町1155,新横浜支社
神奈川県横浜市保土ケ谷区権太坂3-8-7,横浜西支社
神奈川県横浜市保土ケ谷区権太坂3-8-7,横浜南支社
神奈川県横須賀市佐野町5-10,横須賀支社
東京都調布市上石原1-17-32,東京西支社
東京都国立市青柳1-30-18,国立支社
東京都八王子市石川町2969-21,八王子支社
東京都国立市青柳1-30-18,武蔵野支社
東京都東大和市立野4-498-1,東大和支社
東京都小平市花小金井5-58-10,小平支社
東京都世田谷区等々力2-37-4,世田谷支社
東京都世田谷区等々力2-37-4,目黒支社
東京都三鷹市下連雀9-1-13,杉並支社
東京都三鷹市下連雀9-1-13,三鷹支社
東京都町田市鶴間8-7-16,町田支社
神奈川県相模原市中央区下九沢13-1,相模原支社
神奈川県藤沢市石川1-30-1,湘南支社
神奈川県厚木市酒井3111,神奈川西支社
神奈川県海老名市泉1-4-9,神奈川南支社
神奈川県小田原市扇町1-13-47,小田原支社
神奈川県藤沢市石川1-30-1,鎌倉支社
神奈川県川崎市宮前区南平台9-9,宮前支社
静岡県沼津市新沢田町9-21,沼津支社
静岡県静岡市駿河区中島462-2,静岡支社
静岡県浜松市中区高丘北2-12-26,浜松支社
静岡県掛川市下垂木2316-1,掛川支社
愛知県岡崎市宇頭町字久屋名37-1,岡崎支社
愛知県豊橋市下地町橋口46-2,豊橋支社
山梨県甲府市上今井町1031-1,山梨支社
長野県長野市篠ノ井布施五明52-1,長野支社
長野県松本市笹部2丁目3-20,松本支社
長野県飯田市鼎一色386-3,飯田支社
静岡県富士市松本51-2,富士支社
静岡県浜松市東区宮竹町196-1,浜松東支社
愛知県名古屋市名東区若葉台811,名古屋北支社
愛知県日進市赤池町箕ノ手30-1,名古屋東支社
愛知県名古屋市南区荒浜町5-18,名古屋南支社
愛知県刈谷市一ツ木町6-12-1,刈谷支社
愛知県名古屋市中川区富田町大字千音寺字狭間4629-1,名古屋西支社
愛知県春日井市坂下町1-1499-1,春日井支社
愛知県一宮市富士4-7-10,一宮支社
愛知県半田市花園町3-11-10,知多支社
岐阜県岐阜市柳森町2-17,岐阜支社
岐阜県多治見市金岡町2-8,多治見支社
岐阜県大垣市直江町227-1,大垣支社
三重県四日市市昌栄町1-6,四日市支社
三重県津市高茶屋小森上野町1366,津支社
新潟県新潟市東区下木戸3-3-4,新潟支社
新潟県新潟市南区大通南5-1071-1,新潟西支社
新潟県長岡市喜多町412-1,長岡支社
石川県金沢市千木町ヌ31-5,金沢支社
石川県金沢市千木町ル67-1,石川支社
富山県富山市上冨居1-32-6,富山支社
福井県福井市みのり1-8-22,福井支社
滋賀県草津市若竹町10-7,びわこ支社
滋賀県彦根市高宮町1456-8,滋賀支社
京都府京都市伏見区竹田中川原町383,京都北支社
京都府京都市伏見区下鳥羽西芹川町23,京都東支社
京都府京都市伏見区竹田東小屋ノ内町57,京都西支社
京都府京都市伏見区竹田東小屋ノ内町57,京都南支社
大阪府高槻市大塚町5-19-1,北大阪支社
大阪府寝屋川市豊里町1-12,京阪支社
大阪府枚方市招提元町4-3-1,枚方支社
大阪府吹田市吹東町62,新大阪支社
大阪府豊中市服部寿町3-17-5,豊中支社
大阪府吹田市吹東町62,吹田支社
奈良県大和郡山市馬司町35-1,奈良支社
奈良県大和郡山市馬司町35-1,奈良南支社
大阪府東大阪市角田1-7-40,東大阪支社
大阪府八尾市太田4-14-1,八尾支社
大阪府岸和田市土生町6-6-3,南大阪支社
和歌山県和歌山市湊御殿3-3-3,和歌山支社
大阪府泉南市中小路2-1776-1,りんくう支社
大阪府大阪市西区川口4-9-28,大阪中央支社
大阪府大阪市鶴見区安田2丁目6-16,鶴見支社
大阪府堺市堺区海山町4-171-1,なにわ支社
大阪府大阪市西区川口4-9-28,港支社
大阪府堺市堺区石津北町23-2 2F,堺支社
大阪府堺市堺区石津北町23-2-2F,泉北支社
大阪府松原市上田6-5-9,松原支社
大阪府岸和田市八幡町8-54,いずみ営業所
大阪府豊中市二葉町2-6-30,阪神支社
兵庫県尼崎市武庫町1-32-21,尼崎支社
兵庫県尼崎市武庫町1-32-21,西宮支社
兵庫県神戸市兵庫区切戸町1-13,神戸東支社
兵庫県神戸市兵庫区芦原通1-2-16,神戸支社
兵庫県神戸市北区藤原台北町7-9ミワボシプラザ4F,神戸北支社
兵庫県神戸市西区伊川谷町有瀬字石塚988-1,明石支社
兵庫県神戸市西区伊川谷町有瀬字石塚988-1,明石西支社
兵庫県姫路市北条永良町1310,姫路支社
岡山県岡山市北区下中野313-105,岡山支社
岡山県岡山市東区中尾272-1,岡山東支社
岡山県津山市河辺716-3,岡山北支社
岡山県倉敷市連島町連島142-1,倉敷支社
広島県広島市南区東雲1-16-28,広島支社
広島県広島市西区福島町1-17-10,広島西支社
広島県広島市西区福島町2-36-1,広島南支社
広島県広島市佐伯区石内北2-1-6,広島北支社
広島県東広島市三永2-6-14,東広島支社
広島県福山市神島町18-6,福山支社
島根県松江市乃木福富町392-7,松江支社
鳥取県鳥取市千代水3-36,鳥取支社
香川県高松市茜町2-18,高松支社
香川県坂出市西大浜北3-1-10,香川西支社
愛媛県松山市姫原3-4-30,松山支社
愛媛県新居浜市瀬戸町3-89,愛媛支社
徳島県板野郡松茂町笹木野八北開拓1-170,徳島支社
高知県南国市三和琴平1-1743-31,高知支社
山口県山口市下小鯖897-3,山口支社
山口県下松市生野屋南3-3-45,山口東支社
山口県下関市伊倉東町5-5,下関支社
福岡県北九州市八幡西区永犬丸南町2-3-6,北九州支社
福岡県北九州市小倉北区神幸町5-20,北九州東支社
福岡県北九州市小倉北区神幸町5-20,北九州南支社
福岡県福岡市博多区西月隈5-12-11,福岡支社
福岡県福岡市東区社領3-10,福岡北支社
福岡県福岡市東区社領3-10,福岡東支社
福岡県太宰府市通古賀3-12-10井上ビル302号室,福岡中央支社
福岡県福岡市西区横浜1-43-1,福岡西支社
福岡県福岡市博多区西月隈5-12-11,福岡南支社
福岡県福岡市西区横浜1-43-1,博多支社
大分県大分市花園2-9-4,大分支社
大分県別府市石垣西10-2-28,別府支社
福岡県久留米市大石町字瀬戸口214-1,久留米支社
佐賀県佐賀市鍋島町八戸1239-1,佐賀支社
長崎県西彼杵郡長与町高田郷字山下1269-3,長崎支社
長崎県佐世保市広田3-21-1　,佐世保支社
熊本県熊本市御領8-3-33,熊本支社
熊本県熊本市北区飛田2-12-66,熊本北支社
熊本県八代市海士江町2688番地,八代支社
宮崎県宮崎市花ヶ島町立毛1077番1,宮崎支社
鹿児島県鹿児島市城南町8-3,鹿児島支社
鹿児島県霧島市隼人町内1320番地,鹿児島東支社
鹿児島県鹿児島市宇宿2-13-26,鹿児島南支社
沖縄県沖縄市高原7-23-10リビングビル201号,沖縄支社
沖縄県那覇市安謝617-190,那覇支社
